-- Create Tables

CREATE TABLE projects (
  id uuid DEFAULT gen_random_uuid() PRIMARY KEY,
  name text NOT NULL,
  start_date date,
  end_date date,
  created_at timestamp with time zone DEFAULT now(),
  updated_at timestamp with time zone DEFAULT now()
);

CREATE TABLE team_members (
  id uuid DEFAULT gen_random_uuid() PRIMARY KEY,
  project_id uuid REFERENCES projects(id) ON DELETE CASCADE NOT NULL,
  name text NOT NULL,
  role text NOT NULL,
  avatar_url text,
  sort_order integer DEFAULT 0,
  created_at timestamp with time zone DEFAULT now()
);

CREATE TABLE tasks (
  id uuid DEFAULT gen_random_uuid() PRIMARY KEY,
  project_id uuid REFERENCES projects(id) ON DELETE CASCADE NOT NULL,
  team_member_id uuid REFERENCES team_members(id) ON DELETE CASCADE,
  title text NOT NULL,
  details text,
  is_completed boolean DEFAULT false,
  due_date date,
  created_at timestamp with time zone DEFAULT now(),
  updated_at timestamp with time zone DEFAULT now()
);

CREATE TABLE equipment (
  id uuid DEFAULT gen_random_uuid() PRIMARY KEY,
  project_id uuid REFERENCES projects(id) ON DELETE CASCADE NOT NULL,
  name text NOT NULL,
  category text NOT NULL,
  quantity integer DEFAULT 1,
  is_secured boolean DEFAULT false,
  notes text,
  sort_order integer DEFAULT 0,
  created_at timestamp with time zone DEFAULT now(),
  updated_at timestamp with time zone DEFAULT now()
);

CREATE TABLE activity_log (
  id uuid DEFAULT gen_random_uuid() PRIMARY KEY,
  project_id uuid REFERENCES projects(id) ON DELETE CASCADE NOT NULL,
  actor_name text,
  item_type text NOT NULL,
  item_id uuid,
  action_type text NOT NULL,
  created_at timestamp with time zone DEFAULT now()
);

-- Seed Team Members
INSERT INTO team_members (id, name, role, sort_order) VALUES
('11111111-1111-1111-1111-111111111111', 'إبراهيم', 'مدير الإنتاج واللوجستيات', 1),
('22222222-2222-2222-2222-222222222222', 'حداد', 'المصور الرئيسي ومسؤول الإضاءة والكاميرات', 2),
('33333333-3333-3333-3333-333333333333', 'عذاربة', 'مهندس الصوت والجافر ومساعد المصور (AC)', 3),
('44444444-4444-4444-4444-444444444444', 'جابر', 'المنتج العام والمنسق والمخرج', 4);

-- Seed Tasks for إبراهيم
INSERT INTO tasks (team_member_id, title) VALUES
('11111111-1111-1111-1111-111111111111', 'متابعة جفر/الجريبت "رأفت" ودفع العربون للمعدات لتأكيد الحجز.'),
('11111111-1111-1111-1111-111111111111', 'جلب المعدات من شركة التأجير والتأكد من مطابقتها للقائمة المطلوبة.'),
('11111111-1111-1111-1111-111111111111', 'التأكد من وصلات الكهرباء (Extension Cables) في لوكيشن التصوير ومسافتها عن مكان المولد/الكهرباء.'),
('11111111-1111-1111-1111-111111111111', 'التأكد مع جابر (البروديوسر) أن جميع الأمور ماشية حسب الخطة الزمنية (Timeline).'),
('11111111-1111-1111-1111-111111111111', 'فحص لوكيشنات التصوير الخارجية والتأكد من اتجاه الشمس لتحديد الزاوية الأفضل (السيناريو المعكوس - الشمس كـ Backlight).'),
('11111111-1111-1111-1111-111111111111', 'تأمين أكياس الرمل (Sandbags) الإضافية لتثبيت فريم البترفلاي 8x8 والستاندات الثقيلة ضد الهواء بالخارج.'),
('11111111-1111-1111-1111-111111111111', 'مراجعة خطة تمديدات الطاقة والتأكد من جاهزية الجنريتر الصامت (Honda EU30is) أو شحن بطاريات الـ V-Mount.');

-- Seed Tasks for عذاربة
INSERT INTO tasks (team_member_id, title) VALUES
('33333333-3333-3333-3333-333333333333', 'التأكد من جودة ميكروفونات الـ Sennheiser G3/G4 وتجربتها قبل يوم التصوير.'),
('33333333-3333-3333-3333-333333333333', 'كتابة أي نواقص في معدات الصوت فوراً وتزويد إبراهيم بها لجلبها مع الإيجار.'),
('33333333-3333-3333-3333-333333333333', 'معالجة الصدى في اللوكيشن الداخلي (غرفة المكتب الحجري) باستخدام ألواح الفوم أو السجاد (Rug) تحت الطاولة.'),
('33333333-3333-3333-3333-333333333333', 'وضع خطة للتعامل مع إزعاج السيارات في التصوير الخارجي (استخدام ميكروفونات لافالييه ذات توجيه ضيق Cardioid، وجلب طربوش الرياح "Deadcat" للميكروفونات لحجب صوت الهواء الخارجي).'),
('33333333-3333-3333-3333-333333333333', 'فحص بطاريات الـ AA الاحتياطية (عدد 8 فما فوق) وشحن البطاريات القابلة لإعادة الشحن.'),
('33333333-3333-3333-3333-333333333333', 'التنسيق مع المخرج لتثبيت الميكروفونات بشكل مخفي في ملابس الضيوف قبل بدء التصوير بـ 20 دقيقة.');

-- Seed Tasks for حداد
INSERT INTO tasks (team_member_id, title) VALUES
('22222222-2222-2222-2222-222222222222', 'كتابة معدات التصوير اللازمة بدقة وتدقيقها مع ورقة الحجز.'),
('22222222-2222-2222-2222-222222222222', 'تفريغ كروت الميموري بالكامل وتجهيزها، وعمل Format لها على كاميرا الـ Sony FX3 لضمان عدم حدوث أخطاء برمجية أثناء التسجيل.'),
('22222222-2222-2222-2222-222222222222', 'كتابة النواقص من المعدات الخاصة بالإضاءة (كشاف الـ GVM 600W، الـ Boom Stand، الفريسنل، والفلاقات).'),
('22222222-2222-2222-2222-222222222222', 'تجهيز إعدادات الكاميرات الثلاث (Matched Profiles) وتوحيد الألوان والـ White Balance (تثبيته يدوياً لمنع تغير ألوان البشرة بسبب الغيوم أو حركة الشمس).'),
('22222222-2222-2222-2222-222222222222', 'الإشراف على تركيب نظام الـ Double Diffusion (كشاف الـ 600W مضروباً بالفريسنل عبر فريم الـ 4x4 دفيوزر) لضمان إضاءة سوفت سينمائية على الوجوه.'),
('22222222-2222-2222-2222-222222222222', 'فحص نظام التبريد والمراوح في كشافات الـ 600W والتأكد من ضبطها على وضعية (Silent Mode) لتجنب تسجيل صوتها في مايك عذاربة.'),
('22222222-2222-2222-2222-222222222222', 'عمل نسخة احتياطية (Double Backup) لجميع الميموريات على هارد ديسك خارجي (SSD) بعد نهاية كل يوم تصوير فوراً.');

-- Seed Tasks for جابر
INSERT INTO tasks (team_member_id, title) VALUES
('44444444-4444-4444-4444-444444444444', 'التأكيد على المذيع والضيوف بأن يكونوا متدربين جيداً ومجهزين للمحاور لضمان سلاسة التصوير وعدم هدر الوقت.'),
('44444444-4444-4444-4444-444444444444', 'التواصل المستمر مع الضيوف للتأكيد على المواعيد وضمان عدم إلغاء موعد التصوير أو تأخره.'),
('44444444-4444-4444-4444-444444444444', 'جلب الدفعة المالية المسبقة لمحاسبة شركة تأجير المعدات ومحاسبة الساوند مان (عذاربة).'),
('44444444-4444-4444-4444-444444444444', 'التأكد مع إبراهيم أن جميع ترتيبات اللوكيشن والديكور ماشية حسب المخطط والجدول المتفق عليه.'),
('44444444-4444-4444-4444-444444444444', 'إدارة جدول المواعيد اليومي في اللوكيشن (ضمان عدم تداخل مواعيد الضيوف وأخذ فترات راحة كافية بين الحلقات "Break & Reset").'),
('44444444-4444-4444-4444-444444444444', 'تأمين الضيافة والمياه والمشروبات الساخنة والباردة لفريق العمل والضيوف (شيء أساسي في التصوير الخارجي تحت الشمس).'),
('44444444-4444-4444-4444-444444444444', 'التحقق من تصاريح التصوير في الموقع وتسهيل دخول وخروج فريق العمل والمعدات دون أي مشاكل لوجستية أو أمنية.');

-- Seed Equipment
INSERT INTO equipment (name, quantity, category, sort_order) VALUES
('كاميرا Sony FX3', 3, 'الكاميرات والعدسات', 1),
('عدسات تصوير', 3, 'الكاميرات والعدسات', 2),
('ترايبود كاميرا', 3, 'الكاميرات والعدسات', 3),
('بطاريات كاميرا (NP-FZ100)', 9, 'الكاميرات والعدسات', 4),
('شواحن بطاريات الكاميرا', 2, 'الكاميرات والعدسات', 5),

('كروت ذاكرة (SD/CFexpress)', 6, 'الداتا والتفريغ', 6),
('لابتوب (DIT Laptop)', 1, 'الداتا والتفريغ', 7),
('هاردسك خارجي سريع (SSD)', 2, 'الداتا والتفريغ', 8),
('قارئ كروت سريع', 1, 'الداتا والتفريغ', 9),

('شاشة مخرج 7 بوصة', 1, 'المراقبة والوصلات', 10),
('شاشات كاميرا صغيرة', 2, 'المراقبة والوصلات', 11),
('كيبلات HDMI / Micro HDMI', 5, 'المراقبة والوصلات', 12),
('بطاريات شاشات', 6, 'المراقبة والوصلات', 13),

('ملاقط غسيل حديد (A-Clamps)', 6, 'الجريبت والإكسسوارات', 14),
('لاصق قماشي (Gaffer Tape)', 2, 'الجريبت والإكسسوارات', 15),
('مربطات أسلاك (Bongo Ties)', 10, 'الجريبت والإكسسوارات', 16),
('موزعات كهرباء احترافية', 3, 'الجريبت والإكسسوارات', 17),
('بطاريات AA إضافية', 24, 'الصوت', 18),
('سماعات رأس احترافية', 1, 'الصوت', 19),
('ميكروفونات Sennheiser G3/G4', 2, 'الصوت', 20),

('Aputure LS 600d Pro', 1, 'الإضاءة', 21),
('GVM 600W', 1, 'الإضاءة', 22),
('عدسة فريسنل (Aputure F10)', 2, 'الإضاءة', 23),
('فريم دفيوزر 4x4 (مع ستاند)', 2, 'الإضاءة', 24),
('فلاق أسود 4x4', 2, 'الإضاءة', 25),
('بترفلاي 8x8 (بترفلاي 240 كامل)', 1, 'الإضاءة', 26),
('أكياس رمل (Sandbags)', 10, 'الجريبت والإكسسوارات', 27);
